random_value,sqrt_value
183,13.5277492585
102,10.0995049384
187,13.6747943312
112,10.5830052443
7,2.6457513111
186,13.638181697
82,9.0553851381
52,7.2111025509
71,8.4261497732
81,9
3,1.7320508076
22,4.6904157598
24,4.8989794856
50,7.0710678119
75,8.6602540378
192,13.8564064606
121,11
191,13.8202749611
147,12.124355653
177,13.3041346957
92,9.5916630466
165,12.8452325787
135,11.6189500386
54,7.3484692283
12,3.4641016151
53,7.2801098893
119,10.9087121146
87,9.3273790531
76,8.7177978871
140,11.8321595662
68,8.2462112512
145,12.0415945788
1,1
193,13.8924439894
140,11.8321595662
58,7.6157731059
93,9.643650761
126,11.2249721603
46,6.7823299831
94,9.6953597148
97,9.8488578018
189,13.7477270849
65,8.0622577483
101,10.0498756211
16,4
117,10.8166538264
169,13
168,12.9614813968
16,4
24,4.8989794856
172,13.1148770486
38,6.164414003
2,1.4142135624
140,11.8321595662
72,8.4852813742
145,12.0415945788
27,5.1961524227
181,13.4536240471
10,3.1622776602
66,8.1240384046
75,8.6602540378
119,10.9087121146
142,11.9163752878
106,10.295630141
98,9.8994949366
70,8.3666002653
61,7.8102496759
139,11.7898261226
97,9.8488578018
191,13.8202749611
110,10.4880884817
160,12.6491106407
70,8.3666002653
165,12.8452325787
166,12.8840987267
147,12.124355653
100,10
21,4.582575695
84,9.1651513899
116,10.7703296143
105,10.246950766
136,11.6619037897
34,5.8309518948
141,11.874342087
102,10.0995049384
181,13.4536240471
140,11.8321595662
102,10.0995049384
44,6.6332495807
8,2.8284271247
41,6.4031242374
11,3.3166247904
118,10.8627804912
68,8.2462112512
139,11.7898261226
53,7.2801098893
102,10.0995049384
68,8.2462112512
164,12.8062484749
103,10.1488915651
154,12.409673646
137,11.7046999107
23,4.7958315233
36,6
79,8.8881944173
129,11.3578166916
42,6.4807406984
26,5.0990195136
182,13.4907375632
180,13.416407865
182,13.4907375632
23,4.7958315233
85,9.2195444573
48,6.9282032303
57,7.5498344353
95,9.7467943448
168,12.9614813968
4,2
91,9.5393920142
195,13.9642400438
48,6.9282032303
36,6
74,8.602325267
99,9.9498743711
74,8.602325267
130,11.401754251
87,9.3273790531
112,10.5830052443
18,4.2426406871
137,11.7046999107
60,7.7459666924
32,5.6568542495
69,8.3066238629
83,9.1104335791
15,3.8729833462
102,10.0995049384
86,9.2736184955
132,11.4891252931
181,13.4536240471
80,8.94427191
42,6.4807406984
23,4.7958315233
148,12.1655250606
32,5.6568542495
151,12.2882057274
22,4.6904157598
90,9.4868329805
167,12.9228479833
156,12.4899959968
59,7.6811457479
150,12.2474487139
97,9.8488578018
39,6.2449979984
190,13.7840487521
27,5.1961524227
54,7.3484692283
158,12.56980509
67,8.1853527719
45,6.7082039325
51,7.1414284285
113,10.6301458127
65,8.0622577483
157,12.5299640861
22,4.6904157598
149,12.2065556157
84,9.1651513899
192,13.8564064606
4,2
15,3.8729833462
68,8.2462112512
83,9.1104335791
160,12.6491106407
60,7.7459666924
196,14
141,11.874342087
46,6.7823299831
21,4.582575695
48,6.9282032303
170,13.0384048104
157,12.5299640861
57,7.5498344353
86,9.2736184955
42,6.4807406984
92,9.5916630466
175,13.2287565553
189,13.7477270849
13,3.6055512755
16,4
42,6.4807406984
13,3.6055512755
67,8.1853527719
199,14.1067359797
51,7.1414284285
25,5
149,12.2065556157
54,7.3484692283
178,13.3416640641
188,13.7113092008
94,9.6953597148
146,12.0830459736
112,10.5830052443
104,10.1980390272
108,10.3923048454
19,4.3588989435
194,13.9283882772
106,10.295630141
24,4.8989794856
129,11.3578166916
22,4.6904157598
6,2.4494897428
144,12
153,12.3693168769
68,8.2462112512
127,11.2694276696
100,10
94,9.6953597148
8,2.8284271247
44,6.6332495807
105,10.246950766
43,6.5574385243
24,4.8989794856
200,14.1421356237
169,13
85,9.2195444573
34,5.8309518948
196,14
80,8.94427191
115,10.7238052948
199,14.1067359797
77,8.7749643874
178,13.3416640641
2,1.4142135624
183,13.5277492585
4,2
121,11
189,13.7477270849
158,12.56980509
187,13.6747943312
157,12.5299640861
2,1.4142135624
34,5.8309518948
161,12.6885775404
114,10.677078252
49,7
163,12.7671453348
33,5.7445626465
132,11.4891252931
184,13.5646599663
45,6.7082039325
112,10.5830052443
118,10.8627804912
82,9.0553851381
106,10.295630141
15,3.8729833462
61,7.8102496759
27,5.1961524227
13,3.6055512755
80,8.94427191
8,2.8284271247
96,9.7979589711
3,1.7320508076
8,2.8284271247
144,12
75,8.6602540378
119,10.9087121146
169,13
14,3.7416573868
164,12.8062484749
69,8.3066238629
31,5.5677643628
126,11.2249721603
125,11.1803398875
101,10.0498756211
95,9.7467943448
111,10.5356537529
121,11
166,12.8840987267
4,2
89,9.4339811321
30,5.4772255751
76,8.7177978871
131,11.4455231423
154,12.409673646
21,4.582575695
100,10
93,9.643650761
158,12.56980509
103,10.1488915651
77,8.7749643874
54,7.3484692283
111,10.5356537529
82,9.0553851381
26,5.0990195136
121,11
6,2.4494897428
94,9.6953597148
143,11.9582607431
142,11.9163752878
26,5.0990195136
136,11.6619037897
193,13.8924439894
89,9.4339811321
24,4.8989794856
133,11.5325625947
160,12.6491106407
171,13.0766968306
171,13.0766968306
178,13.3416640641
188,13.7113092008
70,8.3666002653
17,4.1231056256
115,10.7238052948
121,11
25,5
56,7.4833147735
16,4
151,12.2882057274
12,3.4641016151
143,11.9582607431
20,4.472135955
4,2
162,12.7279220614
105,10.246950766
119,10.9087121146
148,12.1655250606
60,7.7459666924
154,12.409673646
178,13.3416640641
40,6.3245553203
54,7.3484692283
6,2.4494897428
82,9.0553851381
109,10.4403065089
48,6.9282032303
23,4.7958315233
67,8.1853527719
114,10.677078252
113,10.6301458127
24,4.8989794856
104,10.1980390272
100,10
5,2.2360679775
39,6.2449979984
94,9.6953597148
49,7
198,14.0712472795
78,8.8317608663
123,11.0905365064
34,5.8309518948
70,8.3666002653
26,5.0990195136
113,10.6301458127
52,7.2111025509
75,8.6602540378
122,11.0453610172
195,13.9642400438
129,11.3578166916
112,10.5830052443
98,9.8994949366
18,4.2426406871
194,13.9283882772
92,9.5916630466
168,12.9614813968
119,10.9087121146
78,8.8317608663
68,8.2462112512
25,5
53,7.2801098893
9,3
19,4.3588989435
132,11.4891252931
103,10.1488915651
145,12.0415945788
91,9.5393920142
101,10.0498756211
156,12.4899959968
73,8.5440037453
49,7
106,10.295630141
189,13.7477270849
41,6.4031242374
37,6.0827625303
73,8.5440037453
174,13.1909059583
139,11.7898261226
69,8.3066238629
153,12.3693168769
191,13.8202749611
18,4.2426406871
34,5.8309518948
52,7.2111025509
119,10.9087121146
61,7.8102496759
158,12.56980509
193,13.8924439894
7,2.6457513111
200,14.1421356237
154,12.409673646
108,10.3923048454
101,10.0498756211
133,11.5325625947
123,11.0905365064
77,8.7749643874
1,1
46,6.7823299831
49,7
101,10.0498756211
24,4.8989794856
90,9.4868329805
149,12.2065556157
16,4
111,10.5356537529
32,5.6568542495
101,10.0498756211
116,10.7703296143
181,13.4536240471
59,7.6811457479
163,12.7671453348
104,10.1980390272
78,8.8317608663
39,6.2449979984
104,10.1980390272
80,8.94427191
165,12.8452325787
24,4.8989794856
29,5.3851648071
58,7.6157731059
146,12.0830459736
38,6.164414003
165,12.8452325787
99,9.9498743711
42,6.4807406984
186,13.638181697
169,13
96,9.7979589711
152,12.3288280059
139,11.7898261226
117,10.8166538264
105,10.246950766
65,8.0622577483
191,13.8202749611
177,13.3041346957
171,13.0766968306
113,10.6301458127
156,12.4899959968
125,11.1803398875
179,13.3790881603
24,4.8989794856
153,12.3693168769
109,10.4403065089
144,12
56,7.4833147735
35,5.9160797831
4,2
122,11.0453610172
24,4.8989794856
88,9.3808315196
94,9.6953597148
1,1
76,8.7177978871
196,14
200,14.1421356237
72,8.4852813742
181,13.4536240471
83,9.1104335791
14,3.7416573868
154,12.409673646
153,12.3693168769
158,12.56980509
63,7.9372539332
179,13.3790881603
35,5.9160797831
120,10.9544511501
193,13.8924439894
156,12.4899959968
19,4.3588989435
75,8.6602540378
25,5
170,13.0384048104
120,10.9544511501
46,6.7823299831
118,10.8627804912
63,7.9372539332
146,12.0830459736
181,13.4536240471
52,7.2111025509
151,12.2882057274
139,11.7898261226
189,13.7477270849
16,4
61,7.8102496759
65,8.0622577483
198,14.0712472795
104,10.1980390272
78,8.8317608663
181,13.4536240471
143,11.9582607431
39,6.2449979984
44,6.6332495807
161,12.6885775404
